-- Auto-generated from xlsx: Seed ~39 products with variations
-- Generated by scripts/seed-products-from-xlsx.py

-- ============================================================
-- VARIATION GROUPS
-- ============================================================

INSERT INTO variation_groups (id, name) VALUES
  ('20000000-0000-0000-0000-000000000001', 'ขนาด'),
  ('20000000-0000-0000-0000-000000000002', 'สี'),
  ('20000000-0000-0000-0000-000000000003', 'เกรด'),
  ('20000000-0000-0000-0000-000000000004', 'ความหนา')
ON CONFLICT (id) DO NOTHING;

-- ============================================================
-- VARIATION ENTRIES
-- ============================================================

INSERT INTO variation_entries (id, group_id, label, sort_order) VALUES
  ('43975c07-2b72-4e48-a610-1810aae3d9ec', '20000000-0000-0000-0000-000000000001', '10mm', 0),
  ('da69462a-160a-4dab-a0b3-3bad426e1f59', '20000000-0000-0000-0000-000000000001', '11x147x2440', 1),
  ('d54ebc32-f366-4098-8486-b962ae29263a', '20000000-0000-0000-0000-000000000001', '1220x2440', 2),
  ('bc573c86-cb6a-47d0-928e-257d75a583f5', '20000000-0000-0000-0000-000000000001', '12X193X1205', 3),
  ('c1a58046-916b-4cb6-bcba-4619889faca8', '20000000-0000-0000-0000-000000000001', '14X133X1210', 4),
  ('66c7e95b-fbed-4ac9-bf03-19bb45cc2a0e', '20000000-0000-0000-0000-000000000001', '15X200X3000', 5),
  ('e94ea482-5460-4996-a7ea-a21836386548', '20000000-0000-0000-0000-000000000001', '15mm', 6),
  ('ede48a96-e977-448f-88f1-c84f498d6b59', '20000000-0000-0000-0000-000000000001', '1840x2450', 7),
  ('4d2e892b-5c1c-45ae-87c6-4bcdfdc203d5', '20000000-0000-0000-0000-000000000001', '18X200X3000', 8),
  ('52240695-fcae-49e8-8ab2-3a75f68ea82f', '20000000-0000-0000-0000-000000000001', '20mm', 9),
  ('94cd2a1c-c9ee-4f37-a8ee-3d5d65a49a3b', '20000000-0000-0000-0000-000000000001', '35x290x1050', 10),
  ('abeaabfd-df96-400c-afe7-610a2a4efc45', '20000000-0000-0000-0000-000000000001', '35x290x1200', 11),
  ('afc3e111-ac8d-4ee5-aa72-e2c0b75db61e', '20000000-0000-0000-0000-000000000001', '70cmx200cm', 12),
  ('c4c6657f-0a20-41e1-a279-c817ba1bb78c', '20000000-0000-0000-0000-000000000001', '73cmx180cm', 13),
  ('0995f993-c15c-411a-bbf8-1a5bc3b7020e', '20000000-0000-0000-0000-000000000001', '80cmx200cm', 14),
  ('677ccd5a-b92a-49f0-b73f-530e66437c4c', '20000000-0000-0000-0000-000000000001', '8X192X1205', 15),
  ('7e256fe7-43f0-40b3-9f6d-3461fbd9e468', '20000000-0000-0000-0000-000000000001', '8x150x2440', 16),
  ('0146c1b0-29f7-4dca-be6b-ba2bb96491dc', '20000000-0000-0000-0000-000000000001', '90cmx200cm', 17),
  ('34a9c480-322d-4021-bd6c-e5009d8a0c0e', '20000000-0000-0000-0000-000000000001', '9X200X3000', 18),
  ('0d784966-417d-45ae-986b-b92aaf3020b3', '20000000-0000-0000-0000-000000000001', '9X600X3000', 19),
  ('6324bc43-1334-4eb3-b8b6-3199cd2aabe6', '20000000-0000-0000-0000-000000000002', '**1**', 0),
  ('494110db-d34a-452c-98ca-3b3287866f03', '20000000-0000-0000-0000-000000000002', '**2**', 1),
  ('dfa47b22-b9da-4edb-8f8c-c3bc0ef1f6a0', '20000000-0000-0000-0000-000000000002', '**3**', 2),
  ('ec9777af-3094-458a-99ae-fc890c577088', '20000000-0000-0000-0000-000000000002', '**4**', 3),
  ('65bf90cb-a6d8-4aab-bc92-cbfd63c18de0', '20000000-0000-0000-0000-000000000002', '*1*', 4),
  ('5e6c477c-1398-4751-a8a7-5fe8472603d1', '20000000-0000-0000-0000-000000000002', '*2*', 5),
  ('39132de1-7a53-4009-a333-5b4eaebac53a', '20000000-0000-0000-0000-000000000002', '*3*', 6),
  ('92581a6c-ab5b-4b35-9de1-ab1fb308d145', '20000000-0000-0000-0000-000000000002', '*4*', 7),
  ('5adef1b0-2818-4c07-b847-103297f9fc08', '20000000-0000-0000-0000-000000000002', '10120', 8),
  ('73194755-7527-4f58-bf89-0cc427e90330', '20000000-0000-0000-0000-000000000002', '10617', 9),
  ('d58ae40f-44cb-43b2-99b6-fcaf0381a3b3', '20000000-0000-0000-0000-000000000002', '10623', 10),
  ('74c9c4ac-087d-4de4-aca2-c9c6dda3296f', '20000000-0000-0000-0000-000000000002', '10624', 11),
  ('9bb55cc3-3bb5-4d44-bd2b-718ca34e06bf', '20000000-0000-0000-0000-000000000002', '10625', 12),
  ('9d9f3b9f-68d7-420d-acc3-2ad5663e7bcc', '20000000-0000-0000-0000-000000000002', '10670', 13),
  ('4a83a382-7275-4276-bdd5-61f1a9fef44e', '20000000-0000-0000-0000-000000000002', '10696', 14),
  ('ac49e813-1267-4432-b7a6-13b43ec73629', '20000000-0000-0000-0000-000000000002', '10720', 15),
  ('40608c08-3b02-48f5-8c52-23ad0a63a787', '20000000-0000-0000-0000-000000000002', '10722', 16),
  ('6d523128-fd4a-4ed2-89e8-859d3c6f64b5', '20000000-0000-0000-0000-000000000002', '10723', 17),
  ('55a207f5-f60e-469c-a39c-2864926e2aa6', '20000000-0000-0000-0000-000000000002', '10732', 18),
  ('acbfa5b0-9e7e-4bd3-8a0d-139885c534b6', '20000000-0000-0000-0000-000000000002', '10733', 19),
  ('f76a05f5-3587-4db2-a0da-2e77a4389cc7', '20000000-0000-0000-0000-000000000002', '10742', 20),
  ('f6fd3b5b-e1a0-4702-9c19-df4ecd4528e1', '20000000-0000-0000-0000-000000000002', '10743', 21),
  ('66cfd87b-2583-4277-8c9f-18f081de3adc', '20000000-0000-0000-0000-000000000002', '10780', 22),
  ('1503bd2e-fc1e-4037-9f18-f3a702a11b81', '20000000-0000-0000-0000-000000000002', '11901', 23),
  ('3d16eec8-a0d5-4ffb-bc69-76015ceb2f73', '20000000-0000-0000-0000-000000000002', '1MV1', 24),
  ('27260f0c-c406-46e8-9b9f-6916dbb1c08a', '20000000-0000-0000-0000-000000000002', '20638', 25),
  ('e1ec32a0-d22f-4942-afc1-0829a97317d5', '20000000-0000-0000-0000-000000000002', '20649', 26),
  ('a6b5779b-5733-48aa-8d64-cef84ffa012f', '20000000-0000-0000-0000-000000000002', '2MV1', 27),
  ('89ae34b1-03e7-43f6-b3a0-84617932adc7', '20000000-0000-0000-0000-000000000002', '2MV2', 28),
  ('a5503648-88d4-4799-954f-aea4332c9859', '20000000-0000-0000-0000-000000000002', '2MV3', 29),
  ('8efdc95b-2512-4d92-8a9e-7ce1c0712711', '20000000-0000-0000-0000-000000000002', '3MV1', 30),
  ('4f5fea7e-a8a2-46fc-8827-f544e663d027', '20000000-0000-0000-0000-000000000002', '3MV2', 31),
  ('226d1f33-43f0-46db-a872-323879d428e2', '20000000-0000-0000-0000-000000000002', '4MV1', 32),
  ('5fafcd7a-46fd-45ff-8095-13c82683d7eb', '20000000-0000-0000-0000-000000000002', '4MV2', 33),
  ('85ba1b60-fd64-4ddb-b386-058a0d2e3801', '20000000-0000-0000-0000-000000000002', '4MV3', 34),
  ('10ed667f-8b95-4ba2-9a0c-c8cda8e70277', '20000000-0000-0000-0000-000000000002', '67819', 35),
  ('2457e0eb-9315-4135-9acc-ea1b0ed6b53b', '20000000-0000-0000-0000-000000000002', '67838', 36),
  ('6cf9d9ef-b1c4-433c-b2aa-8812b9523989', '20000000-0000-0000-0000-000000000002', '6MV1', 37),
  ('c279a1ac-5b93-40fd-90a3-322d11b2a7ba', '20000000-0000-0000-0000-000000000002', 'FV1', 38),
  ('9e90ee8c-2a23-47a9-8b3f-3eee2a052156', '20000000-0000-0000-0000-000000000002', 'FV2', 39),
  ('5620bf34-e2ea-4068-8b44-9d740fe67f7f', '20000000-0000-0000-0000-000000000002', 'PE1-67819', 40),
  ('f95c045b-af8b-478c-9a26-07562979c3da', '20000000-0000-0000-0000-000000000002', 'PE1-67838', 41),
  ('6c04d3e5-1aba-4dce-8b2b-2ed0d4024aee', '20000000-0000-0000-0000-000000000002', 'PE2-67819', 42),
  ('6e33e5b9-4a80-427e-ac6f-36b15a5f5f11', '20000000-0000-0000-0000-000000000002', 'PE2-67838', 43),
  ('43331f52-cfab-4633-ad1d-61939e0c294b', '20000000-0000-0000-0000-000000000002', 'red oak', 44),
  ('5a4c2e85-ae82-45d9-a53f-0628fde89b3a', '20000000-0000-0000-0000-000000000002', 'ขาว', 45),
  ('d3861706-2a08-4661-9ef8-4b8e9e1e1f4b', '20000000-0000-0000-0000-000000000002', 'น้ำตาล', 46),
  ('1b88ff44-4d87-4b83-ba8f-3c7913d25e8d', '20000000-0000-0000-0000-000000000002', 'เขียว', 47),
  ('26556f6e-21b2-4477-8df7-6cd1bd52c27d', '20000000-0000-0000-0000-000000000002', 'เปลือย', 48),
  ('7c3e5333-f29e-4e8c-812d-830fe25e7dac', '20000000-0000-0000-0000-000000000003', 'A', 0),
  ('98cda78b-8d81-4ead-a6c0-cad8e4353f21', '20000000-0000-0000-0000-000000000003', 'AA', 1),
  ('51119d9f-a492-47a5-8170-d4d919538019', '20000000-0000-0000-0000-000000000003', 'B/C', 2),
  ('b5e9c2f9-6652-4773-9eef-857fedfc2ffe', '20000000-0000-0000-0000-000000000003', 'B/C LG', 3),
  ('0db7d35e-afd9-4e30-9480-eca0a0a88da5', '20000000-0000-0000-0000-000000000003', 'BB/A', 4),
  ('ef72e16c-4bc3-41cf-a13f-fec2495ad89e', '20000000-0000-0000-0000-000000000003', 'BB/C', 5),
  ('197a0d5d-6f64-42de-9630-576680e02e51', '20000000-0000-0000-0000-000000000003', 'C', 6),
  ('9690a9f9-bb0e-4794-bf39-867d57b7d8af', '20000000-0000-0000-0000-000000000003', 'E0', 7),
  ('3691faa8-60e4-4ccb-ba40-b716504616a2', '20000000-0000-0000-0000-000000000003', 'E0/AC3', 8),
  ('4921e89f-6b4e-4e5a-a175-0e2efb24c45c', '20000000-0000-0000-0000-000000000003', 'E0/CARP P2', 9),
  ('5f21655b-c8ad-41e6-b31b-ec69fc7947b0', '20000000-0000-0000-0000-000000000003', 'E0/CARP P2 S3', 10),
  ('3203ec1f-41ca-42cf-a9dd-5912ce93619a', '20000000-0000-0000-0000-000000000003', 'E0/GG', 11),
  ('59be6845-efea-41b2-8acf-abb8081c0de7', '20000000-0000-0000-0000-000000000003', 'E0/HMR', 12),
  ('95206ec5-e924-4b79-a138-b5ebb1a586e1', '20000000-0000-0000-0000-000000000003', 'E1', 13),
  ('27f3f81c-d9c8-4b06-ba1d-55e69054e36a', '20000000-0000-0000-0000-000000000003', 'E1/AC3', 14),
  ('b8009ea7-4dd2-4c65-92be-b907996999f5', '20000000-0000-0000-0000-000000000003', 'E1/FS', 15),
  ('5508ac71-4ff2-4223-afca-880853824f53', '20000000-0000-0000-0000-000000000003', 'E1/GG', 16),
  ('c7d7bbef-65db-45e0-8153-2de5139c768a', '20000000-0000-0000-0000-000000000003', 'E1/MR', 17),
  ('bc7ce27f-8c9b-40c6-9886-0db60495e4e8', '20000000-0000-0000-0000-000000000003', 'E1/P1', 18),
  ('fc5ef09b-11f6-44dc-ae37-8e4baa4d465d', '20000000-0000-0000-0000-000000000003', 'E2', 19),
  ('ae69e9e8-da80-4427-aa71-a1cb870d3412', '20000000-0000-0000-0000-000000000003', 'E2/AC3', 20),
  ('7256bc51-4c27-4304-aaf5-ec6f9a7aa89e', '20000000-0000-0000-0000-000000000003', 'E2/FS', 21),
  ('561da9ed-a591-4818-a96e-e2dad7346411', '20000000-0000-0000-0000-000000000003', 'E2/GG', 22),
  ('cbf05244-1c82-417e-89ce-8a3d43ba5ae0', '20000000-0000-0000-0000-000000000003', 'E2/MR', 23),
  ('f1ac2334-c182-404c-948f-b99cd43aeb33', '20000000-0000-0000-0000-000000000003', 'E2/NG', 24),
  ('3648c75c-e894-4146-a704-0289749b0100', '20000000-0000-0000-0000-000000000003', 'E2/P1', 25),
  ('91569ed2-fc8a-45de-a85c-8ce08aa755c6', '20000000-0000-0000-0000-000000000003', 'E2/P2', 26),
  ('dac37ff3-50b2-42db-8231-1fc5a11e5208', '20000000-0000-0000-0000-000000000003', 'Exterior', 27),
  ('ada80eef-aa93-4dff-82d6-2aa03dc5c165', '20000000-0000-0000-0000-000000000003', 'FH CARB P2', 28),
  ('df6fe37e-fa83-4aa9-ab69-42cc4b3e5d1d', '20000000-0000-0000-0000-000000000003', 'FSC/CARP P2', 29),
  ('67112947-6534-4bce-bc1b-bb5b901d1546', '20000000-0000-0000-0000-000000000003', 'HMR', 30),
  ('0cd215a6-2271-4f41-812a-efdd162d2e47', '20000000-0000-0000-0000-000000000003', 'Herringbone', 31),
  ('7fc96cad-66c9-4de0-9436-bcbcc4b93404', '20000000-0000-0000-0000-000000000003', 'KU', 32),
  ('ce2364f5-ca40-47a4-b47f-5cdf982eb55a', '20000000-0000-0000-0000-000000000003', 'LG', 33),
  ('8c43ef13-f5b1-45aa-b737-cb356e6e3fc5', '20000000-0000-0000-0000-000000000003', 'PMDI', 34),
  ('35b2100e-8867-4882-b259-d627aac867cb', '20000000-0000-0000-0000-000000000003', 'SUPER E0/GG', 35),
  ('9b8e4224-559b-4a4b-bbfe-aed5997349bf', '20000000-0000-0000-0000-000000000003', 'SUPER E0/HMR', 36),
  ('257838d6-432f-4a3e-b9a4-84527724b578', '20000000-0000-0000-0000-000000000003', 'chavron', 37),
  ('feb78a21-3200-4557-ae45-f887a01e388d', '20000000-0000-0000-0000-000000000003', 'diamon bloom', 38),
  ('f7650b1b-db5f-49d7-8e48-6d02b0671d84', '20000000-0000-0000-0000-000000000003', 'hourglass curve 1', 39),
  ('cee4211f-5e8f-4b72-98cd-e910dffe23cb', '20000000-0000-0000-0000-000000000003', 'hourglass curve 2', 40),
  ('6b8d85d0-c73a-448e-b89a-5be2c650783a', '20000000-0000-0000-0000-000000000003', 'interior', 41),
  ('a458b6d3-ca48-4d50-8190-d2a932ed3ddd', '20000000-0000-0000-0000-000000000003', 'lotus leaf', 42),
  ('1723a4be-a7d9-4ba4-863b-57e729ac4297', '20000000-0000-0000-0000-000000000003', 'กำลัง4', 43),
  ('e8347f3f-8365-4b36-8c25-f6cb6bdc1c95', '20000000-0000-0000-0000-000000000003', 'ขาไม้', 44),
  ('8f91185b-d5a4-4bd3-8381-f19bc98a6dd0', '20000000-0000-0000-0000-000000000003', 'ภายนอก', 45),
  ('4de5c10c-e5bb-42bc-83b0-379aea316558', '20000000-0000-0000-0000-000000000003', 'ภายใน', 46),
  ('6dccf627-fe76-4ab1-b54b-6b4c26106cd6', '20000000-0000-0000-0000-000000000003', 'มอก', 47),
  ('26aae93f-26e7-43a8-a307-b9136f636c99', '20000000-0000-0000-0000-000000000003', 'ลำโพง', 48),
  ('3663087c-0b44-4488-bf45-17fca7fa3cef', '20000000-0000-0000-0000-000000000004', '10', 0),
  ('64d5852f-1832-4be8-9203-8f7b436d26b6', '20000000-0000-0000-0000-000000000004', '10mm', 1),
  ('7602b71d-14bf-4284-b2e8-a607ae7ce0ee', '20000000-0000-0000-0000-000000000004', '10มม-35มม', 2),
  ('b75b829d-822f-4046-bc59-d39e45ade0a9', '20000000-0000-0000-0000-000000000004', '11', 3),
  ('6d1f220d-c3e9-4a3c-b21d-37108e56dac1', '20000000-0000-0000-0000-000000000004', '12', 4),
  ('e122973a-f962-4aa3-86b8-5d31026fa912', '20000000-0000-0000-0000-000000000004', '12mm', 5),
  ('cd2ba243-e996-4a32-80b9-5e0420dd9113', '20000000-0000-0000-0000-000000000004', '13', 6),
  ('f0a77cbf-2564-41c5-8cb5-dfd473e0ce26', '20000000-0000-0000-0000-000000000004', '14', 7),
  ('27c743df-e4ba-4ff4-a2bd-17e55b277cbd', '20000000-0000-0000-0000-000000000004', '14mm', 8),
  ('0953d527-a694-42e8-8386-2a19ed8fcc7a', '20000000-0000-0000-0000-000000000004', '15', 9),
  ('25ff8377-4e3d-4834-8430-212d43ce0074', '20000000-0000-0000-0000-000000000004', '15mm', 10),
  ('cf37c2ef-f55d-4bc0-be0a-10697ad05411', '20000000-0000-0000-0000-000000000004', '16', 11),
  ('058e98a0-8541-41e2-a45b-9af5feba15e5', '20000000-0000-0000-0000-000000000004', '17', 12),
  ('1524ed39-c871-4719-b6ca-69f10b04ea99', '20000000-0000-0000-0000-000000000004', '18', 13),
  ('7b38b72b-af5d-4a0c-8509-606387ebd9ab', '20000000-0000-0000-0000-000000000004', '19', 14),
  ('b376e27e-4e09-4044-b0ec-04758609b6dc', '20000000-0000-0000-0000-000000000004', '20mm', 15),
  ('df71e593-267b-4bf8-80d5-76ea7d035642', '20000000-0000-0000-0000-000000000004', '21', 16),
  ('1afa92ad-51d7-4f68-a767-7c4a1bca19e4', '20000000-0000-0000-0000-000000000004', '23', 17),
  ('e07e34b6-7186-4061-bf4c-5abba90d393f', '20000000-0000-0000-0000-000000000004', '24', 18),
  ('a279bb45-46a3-4e36-ac3c-c69a6d4bce12', '20000000-0000-0000-0000-000000000004', '25', 19),
  ('739b2e9b-1825-4404-b743-a36d8e6130e5', '20000000-0000-0000-0000-000000000004', '27', 20),
  ('cb00e2df-c337-4a52-9619-6b9e7b5766f4', '20000000-0000-0000-0000-000000000004', '3,4,6,10,20 มม.', 21),
  ('7ad00be3-617e-42a4-ad6b-139fec357308', '20000000-0000-0000-0000-000000000004', '35', 22),
  ('609964eb-dabc-4396-b1d5-6a5b05abea5e', '20000000-0000-0000-0000-000000000004', '35mm', 23),
  ('9b9018b4-058f-40c1-85bc-5dea0c858e89', '20000000-0000-0000-0000-000000000004', '3mm', 24),
  ('5179a74d-a5db-469a-a1c0-f26dfa6ad0be', '20000000-0000-0000-0000-000000000004', '6มม-38มม', 25),
  ('07f2dea0-b937-400c-ab03-b3937263e8d5', '20000000-0000-0000-0000-000000000004', '8', 26),
  ('f8cf19b6-5859-4598-b170-5734a810e5f6', '20000000-0000-0000-0000-000000000004', '8mm', 27),
  ('db0087cf-2ea8-41a5-a113-9d05d95f584f', '20000000-0000-0000-0000-000000000004', '9', 28)
ON CONFLICT (id) DO NOTHING;

-- ============================================================
-- PRODUCTS
-- ============================================================

INSERT INTO products (id, code, sku, name, slug, type, category, description, published, recommended, sort_order) VALUES
  ('d746920e-e211-4d1c-88a0-dd006af3cd06', 'TABLE', 'TABLE', 'โต๊ะ', 'table', 'decoration', 'โต๊ะ', 'โต๊ะอเนกประสงค์', true, false, 0),
  ('f8e4d893-da60-4dd9-87d6-09c6b3d579cb', 'MELAMINE-DOOR', 'MELAMINE-DOOR', 'ประตูเมลามีน', 'melamine-door', 'decoration', 'ประตู', 'ประตูเมลามีน ขนาด 90', true, false, 1),
  ('541fa7ed-5951-41f5-a0de-24600f682b3f', 'MELAMINE-DOOR-WITH-F', 'MELAMINE-DOOR-WITH-F', 'ประตูเมลามีนพร้อมวงกบ', 'melamine-door-with-frame', 'decoration', 'ประตู', 'ประตูเมลามีน พร้อมวงกบ ขนาด 80', true, false, 2),
  ('5729de37-3b05-48fa-aac1-c7c998459274', 'ULTRA-MELAMINE-DOOR', 'ULTRA-MELAMINE-DOOR', 'ประตูเมลามีนกันน้ำ', 'ultra-melamine-door', 'decoration', 'ประตู', 'ประตูเมลามีนกันน้ำ ขนาด 70', true, false, 3),
  ('b6c4dcc6-16a2-4794-ad8f-43f32b93ccd5', 'HDF-DOOR', 'HDF-DOOR', 'ประตูลูกฟัก', 'hdf-door', 'decoration', 'ประตู', 'ประตูลูกฟัก ขนาด 70', true, false, 4),
  ('b94383ad-ff17-4e97-8d65-2d6568c695a3', 'HDF-DOOR-WITH-FRAME', 'HDF-DOOR-WITH-FRAME', 'ประตูลูกฟักพร้อมวงกบ', 'hdf-door-with-frame', 'decoration', 'ประตู', 'ประตูลูกฟักพร้อมวงกบ ขนาด 70', true, false, 5),
  ('6c4b854f-b82f-4275-9951-fac7acd80440', 'HMR-DOOR', 'HMR-DOOR', 'ประตูHMR', 'hmr-door', 'decoration', 'ประตู', 'ประตูHMR ขนาด 70cmx200cm มม', true, false, 6),
  ('943c0f4d-b35c-45b2-a644-32798509f7aa', 'PVC-DOOR', 'PVC-DOOR', 'ประตูปิดPVC', 'pvc-door', 'decoration', 'ประตู', 'ประตูปิดPVC ขนาด 80cmx200cm มม', true, false, 7),
  ('32afb522-0ee6-4110-aa5d-700a0bc1482c', 'PLYWOOD-DOOR', 'PLYWOOD-DOOR', 'ประตูไม้อัด', 'plywood-door', 'decoration', 'ประตู', 'ประตูไม้อัด ขนาด 80', true, false, 8),
  ('412d3d01-210f-494c-a16f-6fdb3baadd32', 'RECOMPOSE-TEAK-DOOR', 'RECOMPOSE-TEAK-DOOR', 'ประตูสักประดิษฐ์', 'recompose-teak-door', 'decoration', 'ประตู', 'ประตูสักประดิษฐ์ ขนาด 90', true, false, 9),
  ('67dfa27a-193a-4157-afaf-3b3d191e5937', 'POLYESTER-BOARD', 'POLYESTER-BOARD', 'ไม้โพลีเอสเตอร์', 'polyester-board', 'construction', 'ไม้โพลีเอสเตอร์', 'ไม้โพลีเอสเตอร์', true, false, 10),
  ('29232ea7-8d3c-463d-b244-91ee3132f4e5', 'MDF', 'MDF', 'ไม้ MDF', 'mdf-board', 'construction', 'MDF', 'ไม้ MDF', true, false, 11),
  ('255ea2e5-861d-42a4-8fd8-320b1a2b1fe5', 'MELAMINE-LAMINATED-O', 'MELAMINE-LAMINATED-O', 'ไม้ MDF ปิดผิวเมลามีน', 'mdf-melamine', 'construction', 'MDF', 'ไม้ MDF ปิดผิวเมลามีน', true, false, 12),
  ('f44c590d-9b33-4c38-b31d-7e4cbab73760', 'MDF-HMR-V313', 'MDF-HMR-V313', 'ไม้ MDF HMR V313', 'mdf-hmr-v313', 'construction', 'MDF', 'MDF HMR V313', true, false, 13),
  ('db77818b-654d-4270-9202-1f88fc8430ec', 'MDF-HMR-V70', 'MDF-HMR-V70', 'ไม้ MDF HMR V70', 'mdf-hmr-v70', 'construction', 'MDF', 'MDF HMR V70', true, false, 14),
  ('2b1b8394-8974-4d69-96c2-2d74f090e212', 'MELAMINE-LAMINATED-O', 'MELAMINE-LAMINATED-O', 'ไม้ PB ปิดผิวเมลามีน', 'pb-melamine', 'construction', 'PB', 'ไม้ PB ปิดผิวเมลามีน', true, false, 15),
  ('215ad02f-9c56-4b4c-848a-dab70b757e5c', 'PB', 'PB', 'ไม้ PB', 'pb-board', 'construction', 'PB', 'ไม้ PB', true, false, 16),
  ('246da5c8-9c4d-41cc-a1b5-e84ee5be3568', 'OSB2-INTERIOR', 'OSB2-INTERIOR', 'ไม้ OSB2 ภายใน', 'osb2-interior', 'construction', 'OSB', 'ไม้ OSB2', true, false, 17),
  ('6e9982ec-fd0d-41be-a9ac-1ba91a5097cc', 'OSB3-INTERIOR', 'OSB3-INTERIOR', 'ไม้ OSB3 ภายใน', 'osb3-interior', 'construction', 'OSB', 'ไม้ OSB3', true, false, 18),
  ('1d51665a-e756-4af4-bd8c-831e947a1435', 'OSB2-EXTERIOR', 'OSB2-EXTERIOR', 'ไม้ OSB2 ภายนอก', 'osb2-exterior', 'construction', 'OSB', 'ไม้ OSB2', true, false, 19),
  ('7ccbd2de-6fcf-44dd-b9b4-bb86978f0d1d', 'OSB3-EXTERIOR', 'OSB3-EXTERIOR', 'ไม้ OSB3 ภายนอก', 'osb3-exterior', 'construction', 'OSB', 'ไม้ OSB3', true, false, 20),
  ('15ba212f-81c3-4d7d-ad85-bff116c1d7fa', 'OSB2-MOISTURE-RESIST', 'OSB2-MOISTURE-RESIST', 'ไม้ OSB2 ทนชื้น', 'osb2-moisture', 'construction', 'OSB', 'ไม้ OSB2', true, false, 21),
  ('9d90f96d-d1ea-4397-b578-1463468ae092', 'PLYWOOD', 'PLYWOOD', 'ไม้อัด', 'plywood-board', 'construction', 'ไม้อัด', 'ไม้อัด', true, false, 22),
  ('7bed8b88-1456-47ff-912b-fea342144b54', 'PLYWOOD-INTERIOR', 'PLYWOOD-INTERIOR', 'ไม้อัด ภายใน', 'plywood-interior', 'construction', 'ไม้อัด', 'ไม้อัด', true, false, 23),
  ('05d707e5-f30b-4a7b-b20e-a5044a79fe6d', 'PLYWOOD-EXTERIOR', 'PLYWOOD-EXTERIOR', 'ไม้อัด ภายนอก', 'plywood-exterior', 'construction', 'ไม้อัด', 'ไม้อัด', true, false, 24),
  ('f788cd70-07a1-4400-827f-1a708161172c', 'STAIR', 'STAIR', 'ไม้บันได', 'stair-wood', 'decoration', 'ไม้บันได', 'ไม้บันได', true, false, 25),
  ('9f29bb8e-55ec-4c58-b107-1c1a45304fc4', 'SHUTTERING-BOARD', 'SHUTTERING-BOARD', 'ไม้แบบ', 'shuttering', 'construction', 'ไม้แบบ', 'ไม้แบบ BB/C ความหนา 20 มม', true, false, 26),
  ('f68bdbc2-51c9-4446-b1bf-ffccc567371c', 'LAMINATED-FLOORING-S', 'LAMINATED-FLOORING-S', 'ไม้พื้นลามิเนต', 'laminate-flooring', 'decoration', 'ไม้พื้น', 'ไม้พื้นลามิเนต 12มม', true, false, 27),
  ('8d55cdf0-566b-42d9-a663-3afad482b63e', 'HYBRID-HMR-FLOORING', 'HYBRID-HMR-FLOORING', 'ไม้พื้น Hybrid HMR', 'hybrid-hmr-flooring', 'decoration', 'ไม้พื้น', 'ไม้พื้น Hybrid HMR', true, false, 28),
  ('ea20b9a5-48e4-454a-80d5-a15146f23ae4', 'HYBRID-ULTRA-FLOORIN', 'HYBRID-ULTRA-FLOORIN', 'ไม้พื้น Hybrid Ultra', 'hybrid-ultra-flooring', 'decoration', 'ไม้พื้น', 'ไม้พื้น Hybrid Ultra', true, false, 29),
  ('3de1d97e-b36a-443c-b415-6bbc6f93a6a3', 'VENEER-FLOORING', 'VENEER-FLOORING', 'ไม้พื้น Veneer', 'veneer-flooring', 'decoration', 'ไม้พื้น', 'ไม้พื้น Veneer', true, false, 30),
  ('5766fe31-239d-4892-ab1b-c7bb6e51ad24', 'VENEER-FLOORING-PATT', 'VENEER-FLOORING-PATT', 'ไม้พื้น Veneer Pattern', 'veneer-pattern-flooring', 'decoration', 'ไม้พื้น', 'ไม้พื้น Veneer Pattern', true, false, 31),
  ('9bf54f3c-13d7-4acf-a801-7f575f8de2c0', 'NON-FORMALDEHYDE-LAM', 'NON-FORMALDEHYDE-LAM', 'ไม้พื้นลามิเนตปลอดสารฟอมัลดีไฮด์', 'formaldehyde-free-laminate', 'decoration', 'ไม้พื้น', 'ไม้พื้นลามิเนต 8มม', true, false, 32),
  ('2b046f5a-dd9b-4a11-8ded-fcbf19ebd514', 'DECOLATIVE-PANEL-US', 'DECOLATIVE-PANEL-US', 'ไม้ฝาตกแต่ง US', 'decorative-panel-us', 'decoration', 'ไม้ฝาตกแต่ง', 'ไม้ฝาตกแต่ง Type US ขนาด 9X600X3000 มม', true, false, 33),
  ('b3bc0797-94e2-4e91-a032-7747a653b892', 'DECOLATIVE-PANEL-AR', 'DECOLATIVE-PANEL-AR', 'ไม้ฝาตกแต่ง AR', 'decorative-panel-ar', 'decoration', 'ไม้ฝาตกแต่ง', 'ไม้ฝาตกแต่ง Type AR ขนาด 15X200X3000 มม', true, false, 34),
  ('98edf166-4d03-4725-b615-75582abf13d5', 'PVC-LAMINATED-ON-HDF', 'PVC-LAMINATED-ON-HDF', 'ไม้ฝา HDF ปิดPVC', 'hdf-pvc-panel', 'decoration', 'ไม้ฝาตกแต่ง', 'ไม้ฝา HDF  ปิด PVC ลาย 67819', true, false, 35),
  ('b252683e-1667-4a88-8deb-1f7ddc3768d9', 'LVL-DECOLATIVE-PANEL', 'LVL-DECOLATIVE-PANEL', 'ไม้ฝา LVL ลายSaw Cut', 'lvl-saw-cut-panel', 'decoration', 'ไม้ฝาตกแต่ง', 'ไม้ฝาLVLภายนอก ลายSAW CUT', true, false, 36),
  ('e20379da-fb86-4769-8dab-e7d10e13a95e', 'LVL-DECOLATIVE-PANEL', 'LVL-DECOLATIVE-PANEL', 'ไม้ฝา LVL ลายสน', 'lvl-pine-panel', 'decoration', 'ไม้ฝาตกแต่ง', 'ไม้ฝาLVLภายนอก ลายสน', true, false, 37)
ON CONFLICT (id) DO NOTHING;

-- ============================================================
-- PRODUCT VARIATION LINKS
-- ============================================================

INSERT INTO product_variation_links (id, product_id, group_id, entry_id) VALUES
  ('bc2cc98e-81d2-4f81-ac30-12ad893f9f95', 'f8e4d893-da60-4dd9-87d6-09c6b3d579cb', '20000000-0000-0000-0000-000000000001', '0146c1b0-29f7-4dca-be6b-ba2bb96491dc'),
  ('f3c11ac3-13ff-4eb7-82fd-49728f2688ba', 'f8e4d893-da60-4dd9-87d6-09c6b3d579cb', '20000000-0000-0000-0000-000000000001', '0995f993-c15c-411a-bbf8-1a5bc3b7020e'),
  ('6aa6b6fa-be33-4df3-8013-efcdadc67514', 'f8e4d893-da60-4dd9-87d6-09c6b3d579cb', '20000000-0000-0000-0000-000000000001', 'afc3e111-ac8d-4ee5-aa72-e2c0b75db61e'),
  ('c85922a9-9f42-4310-8914-b92247b0fadb', 'f8e4d893-da60-4dd9-87d6-09c6b3d579cb', '20000000-0000-0000-0000-000000000002', '5adef1b0-2818-4c07-b847-103297f9fc08'),
  ('98b1db0b-734f-47c3-b011-1b18c50e7f1d', 'f8e4d893-da60-4dd9-87d6-09c6b3d579cb', '20000000-0000-0000-0000-000000000002', '27260f0c-c406-46e8-9b9f-6916dbb1c08a'),
  ('09a6f806-2276-484c-95eb-3c15e1e48e03', 'f8e4d893-da60-4dd9-87d6-09c6b3d579cb', '20000000-0000-0000-0000-000000000002', '74c9c4ac-087d-4de4-aca2-c9c6dda3296f'),
  ('98ec4a1d-dfbe-41a4-b9c3-2c5df601089a', 'f8e4d893-da60-4dd9-87d6-09c6b3d579cb', '20000000-0000-0000-0000-000000000002', '6d523128-fd4a-4ed2-89e8-859d3c6f64b5'),
  ('c96d07d0-fb7a-4ac3-bf52-f9cde6bfdc0d', 'f8e4d893-da60-4dd9-87d6-09c6b3d579cb', '20000000-0000-0000-0000-000000000002', '9d9f3b9f-68d7-420d-acc3-2ad5663e7bcc'),
  ('e585cadb-c44e-46d4-8db7-77de4374f161', 'f8e4d893-da60-4dd9-87d6-09c6b3d579cb', '20000000-0000-0000-0000-000000000002', '66cfd87b-2583-4277-8c9f-18f081de3adc'),
  ('4044e833-6daa-4d9f-9c34-f5c12321c4b8', '541fa7ed-5951-41f5-a0de-24600f682b3f', '20000000-0000-0000-0000-000000000001', '0146c1b0-29f7-4dca-be6b-ba2bb96491dc'),
  ('44ae7542-db05-4a45-b465-9ca991314e60', '541fa7ed-5951-41f5-a0de-24600f682b3f', '20000000-0000-0000-0000-000000000001', '0995f993-c15c-411a-bbf8-1a5bc3b7020e'),
  ('3d8d2a9d-f6d9-4deb-b1cc-6f8bb2443e72', '541fa7ed-5951-41f5-a0de-24600f682b3f', '20000000-0000-0000-0000-000000000001', 'afc3e111-ac8d-4ee5-aa72-e2c0b75db61e'),
  ('2a69a817-734e-4896-a612-ee8b5869f3ea', '541fa7ed-5951-41f5-a0de-24600f682b3f', '20000000-0000-0000-0000-000000000002', '5adef1b0-2818-4c07-b847-103297f9fc08'),
  ('0bede273-3f0c-4bbf-b2fe-f6d95a9176d6', '541fa7ed-5951-41f5-a0de-24600f682b3f', '20000000-0000-0000-0000-000000000002', '27260f0c-c406-46e8-9b9f-6916dbb1c08a'),
  ('3ad44ede-a485-4d51-850a-48a5f8e51760', '541fa7ed-5951-41f5-a0de-24600f682b3f', '20000000-0000-0000-0000-000000000002', '74c9c4ac-087d-4de4-aca2-c9c6dda3296f'),
  ('8b39fe88-44e7-41c0-8082-cb1af6278d90', '541fa7ed-5951-41f5-a0de-24600f682b3f', '20000000-0000-0000-0000-000000000002', '6d523128-fd4a-4ed2-89e8-859d3c6f64b5'),
  ('fccf1149-eb20-48b7-8053-37e024a3c295', '541fa7ed-5951-41f5-a0de-24600f682b3f', '20000000-0000-0000-0000-000000000002', '9d9f3b9f-68d7-420d-acc3-2ad5663e7bcc'),
  ('c4f79e91-a718-4d8a-a058-81b6bb51e595', '541fa7ed-5951-41f5-a0de-24600f682b3f', '20000000-0000-0000-0000-000000000002', '66cfd87b-2583-4277-8c9f-18f081de3adc'),
  ('aab3e315-a1d6-43f6-887f-fe0dfc169830', '5729de37-3b05-48fa-aac1-c7c998459274', '20000000-0000-0000-0000-000000000001', '0146c1b0-29f7-4dca-be6b-ba2bb96491dc'),
  ('3c1ddb35-586e-4306-8aa4-ae58bbb9e270', '5729de37-3b05-48fa-aac1-c7c998459274', '20000000-0000-0000-0000-000000000001', '0995f993-c15c-411a-bbf8-1a5bc3b7020e'),
  ('f7209501-871f-46dd-b8e1-d31f93941658', '5729de37-3b05-48fa-aac1-c7c998459274', '20000000-0000-0000-0000-000000000001', 'afc3e111-ac8d-4ee5-aa72-e2c0b75db61e'),
  ('f4b52f86-ca9d-4e7e-ba3e-66c693b50970', '5729de37-3b05-48fa-aac1-c7c998459274', '20000000-0000-0000-0000-000000000002', '5adef1b0-2818-4c07-b847-103297f9fc08'),
  ('e3b08fc2-bac0-4652-bc22-7d998204e78d', '5729de37-3b05-48fa-aac1-c7c998459274', '20000000-0000-0000-0000-000000000002', '27260f0c-c406-46e8-9b9f-6916dbb1c08a'),
  ('463bb6e4-d313-49ea-b137-f7a12e557a75', '5729de37-3b05-48fa-aac1-c7c998459274', '20000000-0000-0000-0000-000000000002', '74c9c4ac-087d-4de4-aca2-c9c6dda3296f'),
  ('06182fa2-594a-49fe-8240-fbe0955f5a10', '5729de37-3b05-48fa-aac1-c7c998459274', '20000000-0000-0000-0000-000000000002', '6d523128-fd4a-4ed2-89e8-859d3c6f64b5'),
  ('9604b4eb-29ed-426a-8520-77bdc6d06f72', '5729de37-3b05-48fa-aac1-c7c998459274', '20000000-0000-0000-0000-000000000002', '9d9f3b9f-68d7-420d-acc3-2ad5663e7bcc'),
  ('d06206d4-7c89-4b33-b8f3-e27de5ed2109', '5729de37-3b05-48fa-aac1-c7c998459274', '20000000-0000-0000-0000-000000000002', '66cfd87b-2583-4277-8c9f-18f081de3adc'),
  ('6a3ba0e1-1d1d-41bd-89a1-22c9dabbef95', 'b6c4dcc6-16a2-4794-ad8f-43f32b93ccd5', '20000000-0000-0000-0000-000000000001', '0146c1b0-29f7-4dca-be6b-ba2bb96491dc'),
  ('9b9e73b8-feeb-4038-a8ec-6ed6d8852d2d', 'b6c4dcc6-16a2-4794-ad8f-43f32b93ccd5', '20000000-0000-0000-0000-000000000001', '0995f993-c15c-411a-bbf8-1a5bc3b7020e'),
  ('7077b1d8-dee4-4ad3-a6aa-c03abcdffae5', 'b6c4dcc6-16a2-4794-ad8f-43f32b93ccd5', '20000000-0000-0000-0000-000000000001', 'afc3e111-ac8d-4ee5-aa72-e2c0b75db61e'),
  ('1b9d4298-e0a8-4193-96bb-cd5a3b257261', 'b6c4dcc6-16a2-4794-ad8f-43f32b93ccd5', '20000000-0000-0000-0000-000000000002', 'a6b5779b-5733-48aa-8d64-cef84ffa012f'),
  ('4e9d7824-c52c-48b3-971a-f8db61a439f9', 'b6c4dcc6-16a2-4794-ad8f-43f32b93ccd5', '20000000-0000-0000-0000-000000000002', '8efdc95b-2512-4d92-8a9e-7ce1c0712711'),
  ('e44a3e8b-95c5-4df9-ac8c-25fc7d4fa9d9', 'b6c4dcc6-16a2-4794-ad8f-43f32b93ccd5', '20000000-0000-0000-0000-000000000002', 'a5503648-88d4-4799-954f-aea4332c9859'),
  ('08302ec1-d397-48d8-8721-26398d8f06b0', 'b6c4dcc6-16a2-4794-ad8f-43f32b93ccd5', '20000000-0000-0000-0000-000000000002', '6cf9d9ef-b1c4-433c-b2aa-8812b9523989'),
  ('52267fb6-b368-4dfd-b42a-3ee355d9281e', 'b6c4dcc6-16a2-4794-ad8f-43f32b93ccd5', '20000000-0000-0000-0000-000000000002', '3d16eec8-a0d5-4ffb-bc69-76015ceb2f73'),
  ('3d1b20f4-49b2-45a6-b047-94bd3c9bdf5f', 'b6c4dcc6-16a2-4794-ad8f-43f32b93ccd5', '20000000-0000-0000-0000-000000000002', '4f5fea7e-a8a2-46fc-8827-f544e663d027'),
  ('ed02d0e3-b734-416a-aae1-085dd56949b1', 'b6c4dcc6-16a2-4794-ad8f-43f32b93ccd5', '20000000-0000-0000-0000-000000000002', '85ba1b60-fd64-4ddb-b386-058a0d2e3801'),
  ('93f143fa-53c0-44ac-8901-6f3db3cbf10b', 'b6c4dcc6-16a2-4794-ad8f-43f32b93ccd5', '20000000-0000-0000-0000-000000000002', '5fafcd7a-46fd-45ff-8095-13c82683d7eb'),
  ('d24d87a6-ed9d-4a46-a73d-a9ef13296469', 'b6c4dcc6-16a2-4794-ad8f-43f32b93ccd5', '20000000-0000-0000-0000-000000000002', '89ae34b1-03e7-43f6-b3a0-84617932adc7'),
  ('9260d8c0-c722-4e76-96db-c70a46ab6d52', 'b6c4dcc6-16a2-4794-ad8f-43f32b93ccd5', '20000000-0000-0000-0000-000000000002', '226d1f33-43f0-46db-a872-323879d428e2'),
  ('01ccf804-d1d9-43be-9605-58066d0c2aab', 'b6c4dcc6-16a2-4794-ad8f-43f32b93ccd5', '20000000-0000-0000-0000-000000000003', '8f91185b-d5a4-4bd3-8381-f19bc98a6dd0'),
  ('39e26f53-94ef-4e7c-a221-fafe4171ce3d', 'b6c4dcc6-16a2-4794-ad8f-43f32b93ccd5', '20000000-0000-0000-0000-000000000003', '4de5c10c-e5bb-42bc-83b0-379aea316558'),
  ('411a24d3-8629-4553-999e-79e3cb63cb4b', 'b94383ad-ff17-4e97-8d65-2d6568c695a3', '20000000-0000-0000-0000-000000000001', '0146c1b0-29f7-4dca-be6b-ba2bb96491dc'),
  ('834e270d-a16b-45e5-bbf7-e2d93a6f39fb', 'b94383ad-ff17-4e97-8d65-2d6568c695a3', '20000000-0000-0000-0000-000000000001', '0995f993-c15c-411a-bbf8-1a5bc3b7020e'),
  ('d5160c30-081d-4234-94c9-ca582430b07d', 'b94383ad-ff17-4e97-8d65-2d6568c695a3', '20000000-0000-0000-0000-000000000001', 'afc3e111-ac8d-4ee5-aa72-e2c0b75db61e'),
  ('389fc397-f268-4c29-8b3f-776fcab4b90d', 'b94383ad-ff17-4e97-8d65-2d6568c695a3', '20000000-0000-0000-0000-000000000002', 'a6b5779b-5733-48aa-8d64-cef84ffa012f'),
  ('352c00d8-1551-4314-ada4-4f3dbb75069e', 'b94383ad-ff17-4e97-8d65-2d6568c695a3', '20000000-0000-0000-0000-000000000002', '8efdc95b-2512-4d92-8a9e-7ce1c0712711'),
  ('9e4c325a-d3a7-4e65-8277-b6d597b08eb1', 'b94383ad-ff17-4e97-8d65-2d6568c695a3', '20000000-0000-0000-0000-000000000002', 'a5503648-88d4-4799-954f-aea4332c9859'),
  ('78fed37a-b10d-434e-bc5e-a9bb05095cf5', 'b94383ad-ff17-4e97-8d65-2d6568c695a3', '20000000-0000-0000-0000-000000000002', '6cf9d9ef-b1c4-433c-b2aa-8812b9523989'),
  ('ee66fad3-3284-46c1-97ac-6e0448b3335b', 'b94383ad-ff17-4e97-8d65-2d6568c695a3', '20000000-0000-0000-0000-000000000002', '3d16eec8-a0d5-4ffb-bc69-76015ceb2f73'),
  ('db09f2f4-c5f5-43fd-8905-96662a661f27', 'b94383ad-ff17-4e97-8d65-2d6568c695a3', '20000000-0000-0000-0000-000000000002', '4f5fea7e-a8a2-46fc-8827-f544e663d027'),
  ('ff1d4f23-1d44-4bd2-96a8-68e1586eea45', 'b94383ad-ff17-4e97-8d65-2d6568c695a3', '20000000-0000-0000-0000-000000000002', '85ba1b60-fd64-4ddb-b386-058a0d2e3801'),
  ('57d430b5-0457-4231-bd34-f1a985b48f47', 'b94383ad-ff17-4e97-8d65-2d6568c695a3', '20000000-0000-0000-0000-000000000002', '5fafcd7a-46fd-45ff-8095-13c82683d7eb'),
  ('05545f8e-a734-4dc9-bf37-3ebc67fb3c91', 'b94383ad-ff17-4e97-8d65-2d6568c695a3', '20000000-0000-0000-0000-000000000002', '89ae34b1-03e7-43f6-b3a0-84617932adc7'),
  ('04175b4a-09aa-4e23-81eb-47c9eb07e9d4', 'b94383ad-ff17-4e97-8d65-2d6568c695a3', '20000000-0000-0000-0000-000000000002', '226d1f33-43f0-46db-a872-323879d428e2'),
  ('4d3580ea-c98c-4dfc-a088-9b650bed4287', 'b94383ad-ff17-4e97-8d65-2d6568c695a3', '20000000-0000-0000-0000-000000000003', '8f91185b-d5a4-4bd3-8381-f19bc98a6dd0'),
  ('1e10cd1b-7917-47cc-a9c3-a75bde2d2448', 'b94383ad-ff17-4e97-8d65-2d6568c695a3', '20000000-0000-0000-0000-000000000003', '4de5c10c-e5bb-42bc-83b0-379aea316558'),
  ('38732c9a-2e6f-49ff-adc9-e3d21e34c85d', '6c4b854f-b82f-4275-9951-fac7acd80440', '20000000-0000-0000-0000-000000000001', '0995f993-c15c-411a-bbf8-1a5bc3b7020e'),
  ('57a871dd-205d-473e-bb5c-5c6b079ff2f1', '6c4b854f-b82f-4275-9951-fac7acd80440', '20000000-0000-0000-0000-000000000001', 'afc3e111-ac8d-4ee5-aa72-e2c0b75db61e'),
  ('fc6840b2-c078-477b-ab69-0f119adf9117', '6c4b854f-b82f-4275-9951-fac7acd80440', '20000000-0000-0000-0000-000000000002', '8efdc95b-2512-4d92-8a9e-7ce1c0712711'),
  ('319aaae9-628c-4433-a572-e545fa373393', '6c4b854f-b82f-4275-9951-fac7acd80440', '20000000-0000-0000-0000-000000000002', '6cf9d9ef-b1c4-433c-b2aa-8812b9523989'),
  ('bd4ad5af-16e5-43cf-9aa5-9ced8a5fd403', '6c4b854f-b82f-4275-9951-fac7acd80440', '20000000-0000-0000-0000-000000000002', '3d16eec8-a0d5-4ffb-bc69-76015ceb2f73'),
  ('be701619-9912-49e9-b312-afc235cf295a', '6c4b854f-b82f-4275-9951-fac7acd80440', '20000000-0000-0000-0000-000000000002', 'c279a1ac-5b93-40fd-90a3-322d11b2a7ba'),
  ('2615076b-bef2-46b7-87fb-894200ac1e28', '6c4b854f-b82f-4275-9951-fac7acd80440', '20000000-0000-0000-0000-000000000002', '9e90ee8c-2a23-47a9-8b3f-3eee2a052156'),
  ('3eb71451-9186-4366-9ac5-c6a46a0209a1', '6c4b854f-b82f-4275-9951-fac7acd80440', '20000000-0000-0000-0000-000000000002', '5fafcd7a-46fd-45ff-8095-13c82683d7eb'),
  ('e4add5b7-9302-415b-b2af-932f44863a26', '6c4b854f-b82f-4275-9951-fac7acd80440', '20000000-0000-0000-0000-000000000002', '89ae34b1-03e7-43f6-b3a0-84617932adc7'),
  ('29dc5ae9-c6d7-4845-9914-9d777234ce87', '943c0f4d-b35c-45b2-a644-32798509f7aa', '20000000-0000-0000-0000-000000000002', '5620bf34-e2ea-4068-8b44-9d740fe67f7f'),
  ('5f8ce389-82e0-4250-be1c-1c7a2037a805', '943c0f4d-b35c-45b2-a644-32798509f7aa', '20000000-0000-0000-0000-000000000002', '6c04d3e5-1aba-4dce-8b2b-2ed0d4024aee'),
  ('33412eee-cd9c-4310-ba34-783176393772', '943c0f4d-b35c-45b2-a644-32798509f7aa', '20000000-0000-0000-0000-000000000002', 'f95c045b-af8b-478c-9a26-07562979c3da'),
  ('25420136-8f30-43e4-8a69-7c0d3468cc8e', '943c0f4d-b35c-45b2-a644-32798509f7aa', '20000000-0000-0000-0000-000000000002', '6e33e5b9-4a80-427e-ac6f-36b15a5f5f11'),
  ('31edbf28-9c00-4e2a-a171-75371f051528', '32afb522-0ee6-4110-aa5d-700a0bc1482c', '20000000-0000-0000-0000-000000000001', '0146c1b0-29f7-4dca-be6b-ba2bb96491dc'),
  ('9d0d4c24-6b68-42dd-8f5b-20f415d5bfc1', '32afb522-0ee6-4110-aa5d-700a0bc1482c', '20000000-0000-0000-0000-000000000001', '0995f993-c15c-411a-bbf8-1a5bc3b7020e'),
  ('823228d8-1018-4a8a-90e4-64ed35f7dd6c', '32afb522-0ee6-4110-aa5d-700a0bc1482c', '20000000-0000-0000-0000-000000000001', 'afc3e111-ac8d-4ee5-aa72-e2c0b75db61e'),
  ('d4ff2bd5-fbdf-498c-ac44-8deacf8a0011', '412d3d01-210f-494c-a16f-6fdb3baadd32', '20000000-0000-0000-0000-000000000001', '0146c1b0-29f7-4dca-be6b-ba2bb96491dc'),
  ('9168db70-16bf-4402-a281-593c924039a2', '412d3d01-210f-494c-a16f-6fdb3baadd32', '20000000-0000-0000-0000-000000000001', '0995f993-c15c-411a-bbf8-1a5bc3b7020e'),
  ('cb061b76-1c40-4583-946c-47a1120e5174', '67dfa27a-193a-4157-afaf-3b3d191e5937', '20000000-0000-0000-0000-000000000004', '64d5852f-1832-4be8-9203-8f7b436d26b6'),
  ('2f20d607-4e47-4c10-9624-88c9a33dbd30', '67dfa27a-193a-4157-afaf-3b3d191e5937', '20000000-0000-0000-0000-000000000004', '9b9018b4-058f-40c1-85bc-5dea0c858e89'),
  ('2f780f1f-4b5c-4103-982b-d5d81d5e205e', '29232ea7-8d3c-463d-b244-91ee3132f4e5', '20000000-0000-0000-0000-000000000003', '7256bc51-4c27-4304-aaf5-ec6f9a7aa89e'),
  ('cf0b13f3-5fb4-4081-9f5f-48380afbef3c', '29232ea7-8d3c-463d-b244-91ee3132f4e5', '20000000-0000-0000-0000-000000000003', 'b8009ea7-4dd2-4c65-92be-b907996999f5'),
  ('7b03b4fa-488e-42ca-9dd1-e798b321faae', '29232ea7-8d3c-463d-b244-91ee3132f4e5', '20000000-0000-0000-0000-000000000003', 'df6fe37e-fa83-4aa9-ab69-42cc4b3e5d1d'),
  ('4120a136-f5ab-4735-b005-ebad949e762f', '29232ea7-8d3c-463d-b244-91ee3132f4e5', '20000000-0000-0000-0000-000000000003', '4921e89f-6b4e-4e5a-a175-0e2efb24c45c'),
  ('5042df6e-4ebf-4eb1-a89d-fb2d7a581d10', '29232ea7-8d3c-463d-b244-91ee3132f4e5', '20000000-0000-0000-0000-000000000003', '5508ac71-4ff2-4223-afca-880853824f53'),
  ('0c8c2f31-1e42-40d0-99e6-3d51b5817760', '29232ea7-8d3c-463d-b244-91ee3132f4e5', '20000000-0000-0000-0000-000000000003', '561da9ed-a591-4818-a96e-e2dad7346411'),
  ('499a9b96-4296-4641-8c38-d8cb2f989e87', '29232ea7-8d3c-463d-b244-91ee3132f4e5', '20000000-0000-0000-0000-000000000003', '5f21655b-c8ad-41e6-b31b-ec69fc7947b0'),
  ('bed03458-37ab-4de4-b52b-2d423bba5172', '29232ea7-8d3c-463d-b244-91ee3132f4e5', '20000000-0000-0000-0000-000000000003', '3203ec1f-41ca-42cf-a9dd-5912ce93619a'),
  ('24f6ebf0-a20a-4c81-b7f8-d07f5b30d128', '215ad02f-9c56-4b4c-848a-dab70b757e5c', '20000000-0000-0000-0000-000000000001', 'd54ebc32-f366-4098-8486-b962ae29263a'),
  ('a4db62b5-5784-41c5-83a6-da1224cce2d9', '215ad02f-9c56-4b4c-848a-dab70b757e5c', '20000000-0000-0000-0000-000000000001', 'ede48a96-e977-448f-88f1-c84f498d6b59'),
  ('b89fa720-20d4-4ced-8f18-3daa38c8feb2', '215ad02f-9c56-4b4c-848a-dab70b757e5c', '20000000-0000-0000-0000-000000000003', '91569ed2-fc8a-45de-a85c-8ce08aa755c6'),
  ('91cde14f-5434-46d9-baf3-6bdb376e1d56', '215ad02f-9c56-4b4c-848a-dab70b757e5c', '20000000-0000-0000-0000-000000000003', '7256bc51-4c27-4304-aaf5-ec6f9a7aa89e'),
  ('c4213527-b1cb-4cdb-aa06-6f961c4b5128', '215ad02f-9c56-4b4c-848a-dab70b757e5c', '20000000-0000-0000-0000-000000000003', 'b8009ea7-4dd2-4c65-92be-b907996999f5'),
  ('b24fae33-a2aa-44cf-9dec-a172c88663e5', '215ad02f-9c56-4b4c-848a-dab70b757e5c', '20000000-0000-0000-0000-000000000003', '59be6845-efea-41b2-8acf-abb8081c0de7'),
  ('12ab8120-19c4-44a0-bf66-6977b3aeb54a', '215ad02f-9c56-4b4c-848a-dab70b757e5c', '20000000-0000-0000-0000-000000000003', '35b2100e-8867-4882-b259-d627aac867cb'),
  ('cd87e1f4-de20-46ad-8569-c2acd03d3bd7', '215ad02f-9c56-4b4c-848a-dab70b757e5c', '20000000-0000-0000-0000-000000000003', 'bc7ce27f-8c9b-40c6-9886-0db60495e4e8'),
  ('e610ea60-2ebf-45dc-8388-fa4ba8e4870f', '215ad02f-9c56-4b4c-848a-dab70b757e5c', '20000000-0000-0000-0000-000000000003', '5508ac71-4ff2-4223-afca-880853824f53'),
  ('3e9d7229-9ee8-4fdb-9433-e6b2e27aef36', '215ad02f-9c56-4b4c-848a-dab70b757e5c', '20000000-0000-0000-0000-000000000003', 'c7d7bbef-65db-45e0-8153-2de5139c768a'),
  ('9e0f3e18-5213-47f5-a064-f947249c548b', '215ad02f-9c56-4b4c-848a-dab70b757e5c', '20000000-0000-0000-0000-000000000003', '561da9ed-a591-4818-a96e-e2dad7346411'),
  ('961a1a15-bc7b-4f95-9ecd-1184c5e39d5c', '215ad02f-9c56-4b4c-848a-dab70b757e5c', '20000000-0000-0000-0000-000000000003', '3648c75c-e894-4146-a704-0289749b0100'),
  ('6dcace83-6247-431a-ac13-ed35eaddb654', '215ad02f-9c56-4b4c-848a-dab70b757e5c', '20000000-0000-0000-0000-000000000003', 'f1ac2334-c182-404c-948f-b99cd43aeb33'),
  ('e2ebd26d-98c1-4b59-8cd6-23e8446ecd8e', '215ad02f-9c56-4b4c-848a-dab70b757e5c', '20000000-0000-0000-0000-000000000003', 'ada80eef-aa93-4dff-82d6-2aa03dc5c165'),
  ('b7a7ed6b-def1-493f-82e5-8ba723c8a706', '215ad02f-9c56-4b4c-848a-dab70b757e5c', '20000000-0000-0000-0000-000000000003', '9b8e4224-559b-4a4b-bbfe-aed5997349bf'),
  ('d85dc06d-f2e8-44fc-a13e-1c630b815579', '215ad02f-9c56-4b4c-848a-dab70b757e5c', '20000000-0000-0000-0000-000000000003', 'cbf05244-1c82-417e-89ce-8a3d43ba5ae0'),
  ('f6e6e900-1ea2-4643-b7fd-ea0b25c72176', '215ad02f-9c56-4b4c-848a-dab70b757e5c', '20000000-0000-0000-0000-000000000003', '3203ec1f-41ca-42cf-a9dd-5912ce93619a'),
  ('6c821c40-771b-4f41-9ca6-d3fe1d9215a6', '215ad02f-9c56-4b4c-848a-dab70b757e5c', '20000000-0000-0000-0000-000000000004', '7ad00be3-617e-42a4-ad6b-139fec357308'),
  ('5eb2f674-970d-4484-ad79-cafdf8241aba', '215ad02f-9c56-4b4c-848a-dab70b757e5c', '20000000-0000-0000-0000-000000000004', '07f2dea0-b937-400c-ab03-b3937263e8d5'),
  ('1de70fa2-6180-4840-b888-6718e2b84132', '215ad02f-9c56-4b4c-848a-dab70b757e5c', '20000000-0000-0000-0000-000000000004', '6d1f220d-c3e9-4a3c-b21d-37108e56dac1'),
  ('01bef242-3dd3-413b-bc05-d047ee62eda6', '215ad02f-9c56-4b4c-848a-dab70b757e5c', '20000000-0000-0000-0000-000000000004', '739b2e9b-1825-4404-b743-a36d8e6130e5'),
  ('14f7a7be-aa42-432b-aef8-075a7b42f18e', '215ad02f-9c56-4b4c-848a-dab70b757e5c', '20000000-0000-0000-0000-000000000004', 'a279bb45-46a3-4e36-ac3c-c69a6d4bce12'),
  ('582e07bd-e819-4286-9606-ffc9ef8b32c1', '215ad02f-9c56-4b4c-848a-dab70b757e5c', '20000000-0000-0000-0000-000000000004', 'f0a77cbf-2564-41c5-8cb5-dfd473e0ce26'),
  ('8ee030e1-4149-48b7-8ad9-afa97cc6a01a', '215ad02f-9c56-4b4c-848a-dab70b757e5c', '20000000-0000-0000-0000-000000000004', 'cf37c2ef-f55d-4bc0-be0a-10697ad05411'),
  ('4ed2c4c5-79a5-4b79-9e9a-4f931119e39b', '215ad02f-9c56-4b4c-848a-dab70b757e5c', '20000000-0000-0000-0000-000000000004', '058e98a0-8541-41e2-a45b-9af5feba15e5'),
  ('5e920365-6a37-49c9-8148-fd83c76d273e', '215ad02f-9c56-4b4c-848a-dab70b757e5c', '20000000-0000-0000-0000-000000000004', 'db0087cf-2ea8-41a5-a113-9d05d95f584f'),
  ('0d001962-6fe0-48c8-b4f9-9b40fd832932', '215ad02f-9c56-4b4c-848a-dab70b757e5c', '20000000-0000-0000-0000-000000000004', 'df71e593-267b-4bf8-80d5-76ea7d035642'),
  ('c8886725-ca7a-4735-a2c4-76e114de5e0d', '215ad02f-9c56-4b4c-848a-dab70b757e5c', '20000000-0000-0000-0000-000000000004', 'b75b829d-822f-4046-bc59-d39e45ade0a9'),
  ('e20cc5b3-668b-48f6-b130-2f5d3d26edf7', '215ad02f-9c56-4b4c-848a-dab70b757e5c', '20000000-0000-0000-0000-000000000004', '1524ed39-c871-4719-b6ca-69f10b04ea99'),
  ('607cf84c-1631-4f6d-88f9-27fede8b0d7a', '215ad02f-9c56-4b4c-848a-dab70b757e5c', '20000000-0000-0000-0000-000000000004', '1afa92ad-51d7-4f68-a767-7c4a1bca19e4'),
  ('ec712010-4633-494e-a7f0-57eb706005f4', '215ad02f-9c56-4b4c-848a-dab70b757e5c', '20000000-0000-0000-0000-000000000004', '0953d527-a694-42e8-8386-2a19ed8fcc7a'),
  ('67d482ce-6cd9-460e-9d36-d8a1f0f3e7f3', '215ad02f-9c56-4b4c-848a-dab70b757e5c', '20000000-0000-0000-0000-000000000004', '7b38b72b-af5d-4a0c-8509-606387ebd9ab'),
  ('39e3985b-1bde-45f7-a04d-a594457ceaa3', '215ad02f-9c56-4b4c-848a-dab70b757e5c', '20000000-0000-0000-0000-000000000004', 'e07e34b6-7186-4061-bf4c-5abba90d393f'),
  ('e4c848f6-cd0a-42f1-bec8-396c25493cba', '246da5c8-9c4d-41cc-a1b5-e84ee5be3568', '20000000-0000-0000-0000-000000000004', '07f2dea0-b937-400c-ab03-b3937263e8d5'),
  ('c1c325cb-ef2d-489b-88ea-ee3f7c161720', '246da5c8-9c4d-41cc-a1b5-e84ee5be3568', '20000000-0000-0000-0000-000000000004', '6d1f220d-c3e9-4a3c-b21d-37108e56dac1'),
  ('a750b732-4aa9-4071-99f6-3e302b9f34e2', '246da5c8-9c4d-41cc-a1b5-e84ee5be3568', '20000000-0000-0000-0000-000000000004', 'cd2ba243-e996-4a32-80b9-5e0420dd9113'),
  ('32a8c06c-19d2-481a-aff2-442c0e9804e0', '246da5c8-9c4d-41cc-a1b5-e84ee5be3568', '20000000-0000-0000-0000-000000000004', 'f0a77cbf-2564-41c5-8cb5-dfd473e0ce26'),
  ('3737cd7d-8994-4f9b-826c-67b1e4cd8b4d', '246da5c8-9c4d-41cc-a1b5-e84ee5be3568', '20000000-0000-0000-0000-000000000004', '3663087c-0b44-4488-bf45-17fca7fa3cef'),
  ('f2690a40-17da-47a0-9f1a-e1442511e1a7', '246da5c8-9c4d-41cc-a1b5-e84ee5be3568', '20000000-0000-0000-0000-000000000004', 'cf37c2ef-f55d-4bc0-be0a-10697ad05411'),
  ('3c13a256-b331-403d-aa3e-a7c6f9466ecc', '246da5c8-9c4d-41cc-a1b5-e84ee5be3568', '20000000-0000-0000-0000-000000000004', '058e98a0-8541-41e2-a45b-9af5feba15e5'),
  ('cf86cf0e-f8c0-4c35-9656-26b3b7cf2e6f', '246da5c8-9c4d-41cc-a1b5-e84ee5be3568', '20000000-0000-0000-0000-000000000004', 'db0087cf-2ea8-41a5-a113-9d05d95f584f'),
  ('9eee7141-f746-42f1-adf1-9d6adf592461', '246da5c8-9c4d-41cc-a1b5-e84ee5be3568', '20000000-0000-0000-0000-000000000004', 'b75b829d-822f-4046-bc59-d39e45ade0a9'),
  ('f68c9070-b943-4033-a647-a5c3d8ed3a7b', '246da5c8-9c4d-41cc-a1b5-e84ee5be3568', '20000000-0000-0000-0000-000000000004', '1524ed39-c871-4719-b6ca-69f10b04ea99'),
  ('16808f19-80c6-4f71-b2f1-0bc087d0442d', '246da5c8-9c4d-41cc-a1b5-e84ee5be3568', '20000000-0000-0000-0000-000000000004', '0953d527-a694-42e8-8386-2a19ed8fcc7a'),
  ('677bcda8-d993-49df-8249-1e56a7fd4b98', '6e9982ec-fd0d-41be-a9ac-1ba91a5097cc', '20000000-0000-0000-0000-000000000004', '07f2dea0-b937-400c-ab03-b3937263e8d5'),
  ('7b7e00ba-670a-4efc-8fc8-31a634f91bf5', '6e9982ec-fd0d-41be-a9ac-1ba91a5097cc', '20000000-0000-0000-0000-000000000004', '6d1f220d-c3e9-4a3c-b21d-37108e56dac1'),
  ('6651bfe1-d12b-4411-84ce-b8360b36a53d', '6e9982ec-fd0d-41be-a9ac-1ba91a5097cc', '20000000-0000-0000-0000-000000000004', 'cd2ba243-e996-4a32-80b9-5e0420dd9113'),
  ('56b67a52-80f0-4728-b5c1-521f6717ad35', '6e9982ec-fd0d-41be-a9ac-1ba91a5097cc', '20000000-0000-0000-0000-000000000004', 'f0a77cbf-2564-41c5-8cb5-dfd473e0ce26'),
  ('c513be85-84cf-4124-92b9-3980cf6aa3db', '6e9982ec-fd0d-41be-a9ac-1ba91a5097cc', '20000000-0000-0000-0000-000000000004', '3663087c-0b44-4488-bf45-17fca7fa3cef'),
  ('4ffe5640-b162-4321-a4e1-414f335f55f5', '6e9982ec-fd0d-41be-a9ac-1ba91a5097cc', '20000000-0000-0000-0000-000000000004', 'cf37c2ef-f55d-4bc0-be0a-10697ad05411'),
  ('51fc8e24-7b11-40f8-a87f-ec59d26fb2d7', '6e9982ec-fd0d-41be-a9ac-1ba91a5097cc', '20000000-0000-0000-0000-000000000004', '058e98a0-8541-41e2-a45b-9af5feba15e5'),
  ('6004f4dd-c448-47b7-aa82-963334922d1a', '6e9982ec-fd0d-41be-a9ac-1ba91a5097cc', '20000000-0000-0000-0000-000000000004', 'db0087cf-2ea8-41a5-a113-9d05d95f584f'),
  ('d74f2118-42ea-4870-81a3-9bca753ca65a', '6e9982ec-fd0d-41be-a9ac-1ba91a5097cc', '20000000-0000-0000-0000-000000000004', 'b75b829d-822f-4046-bc59-d39e45ade0a9'),
  ('2ea26951-8b9b-4158-95c5-286c5ea95cd6', '6e9982ec-fd0d-41be-a9ac-1ba91a5097cc', '20000000-0000-0000-0000-000000000004', '1524ed39-c871-4719-b6ca-69f10b04ea99'),
  ('98ccf627-e04f-4c8d-b9d4-f39e4d20e0f3', '6e9982ec-fd0d-41be-a9ac-1ba91a5097cc', '20000000-0000-0000-0000-000000000004', '0953d527-a694-42e8-8386-2a19ed8fcc7a'),
  ('a98cfe5c-f804-44e5-9adb-b69742614f0b', '1d51665a-e756-4af4-bd8c-831e947a1435', '20000000-0000-0000-0000-000000000004', '07f2dea0-b937-400c-ab03-b3937263e8d5'),
  ('fea4a9d5-13ff-4d0a-b841-d08678a1b43f', '1d51665a-e756-4af4-bd8c-831e947a1435', '20000000-0000-0000-0000-000000000004', '6d1f220d-c3e9-4a3c-b21d-37108e56dac1'),
  ('fda7a861-d888-459a-a509-8553423334f3', '1d51665a-e756-4af4-bd8c-831e947a1435', '20000000-0000-0000-0000-000000000004', 'cd2ba243-e996-4a32-80b9-5e0420dd9113'),
  ('b15d8ecd-1e16-4ecf-bdd9-d6f12c092d23', '1d51665a-e756-4af4-bd8c-831e947a1435', '20000000-0000-0000-0000-000000000004', 'f0a77cbf-2564-41c5-8cb5-dfd473e0ce26'),
  ('0a843902-32f0-451c-987b-176a011daa7d', '1d51665a-e756-4af4-bd8c-831e947a1435', '20000000-0000-0000-0000-000000000004', '3663087c-0b44-4488-bf45-17fca7fa3cef'),
  ('cda0cf91-03d5-4a22-9821-fc04b853edd2', '1d51665a-e756-4af4-bd8c-831e947a1435', '20000000-0000-0000-0000-000000000004', 'cf37c2ef-f55d-4bc0-be0a-10697ad05411'),
  ('d33fd1db-7c02-4985-b8b1-47d22deec1b2', '1d51665a-e756-4af4-bd8c-831e947a1435', '20000000-0000-0000-0000-000000000004', '058e98a0-8541-41e2-a45b-9af5feba15e5'),
  ('7da57b24-1c38-426e-ae5b-2a6137162fe7', '1d51665a-e756-4af4-bd8c-831e947a1435', '20000000-0000-0000-0000-000000000004', 'db0087cf-2ea8-41a5-a113-9d05d95f584f'),
  ('34737ec8-d852-4d5d-b03b-3934c291a79a', '1d51665a-e756-4af4-bd8c-831e947a1435', '20000000-0000-0000-0000-000000000004', 'b75b829d-822f-4046-bc59-d39e45ade0a9'),
  ('3aa648c1-4091-4407-a696-b833732bc465', '1d51665a-e756-4af4-bd8c-831e947a1435', '20000000-0000-0000-0000-000000000004', '1524ed39-c871-4719-b6ca-69f10b04ea99'),
  ('a8236a6d-9f2e-44b1-b919-bed474664039', '1d51665a-e756-4af4-bd8c-831e947a1435', '20000000-0000-0000-0000-000000000004', '0953d527-a694-42e8-8386-2a19ed8fcc7a'),
  ('6ad97b38-07ef-4fb5-b0b8-d6f24cfe5e32', '7ccbd2de-6fcf-44dd-b9b4-bb86978f0d1d', '20000000-0000-0000-0000-000000000003', '8c43ef13-f5b1-45aa-b737-cb356e6e3fc5'),
  ('3491a6d4-85f5-49f2-8c37-62a1a8a1fab9', '7ccbd2de-6fcf-44dd-b9b4-bb86978f0d1d', '20000000-0000-0000-0000-000000000003', '95206ec5-e924-4b79-a138-b5ebb1a586e1'),
  ('9cbb7c44-dc0e-4799-8909-75a17b384b03', '7ccbd2de-6fcf-44dd-b9b4-bb86978f0d1d', '20000000-0000-0000-0000-000000000004', '07f2dea0-b937-400c-ab03-b3937263e8d5'),
  ('b5637873-100b-411c-8789-48aa36d60488', '7ccbd2de-6fcf-44dd-b9b4-bb86978f0d1d', '20000000-0000-0000-0000-000000000004', '6d1f220d-c3e9-4a3c-b21d-37108e56dac1'),
  ('a34dbd74-69cb-4b05-a0c5-d6770a2b0890', '7ccbd2de-6fcf-44dd-b9b4-bb86978f0d1d', '20000000-0000-0000-0000-000000000004', 'cd2ba243-e996-4a32-80b9-5e0420dd9113'),
  ('3fd5ff98-be24-4d82-ad0b-28f7e066edce', '7ccbd2de-6fcf-44dd-b9b4-bb86978f0d1d', '20000000-0000-0000-0000-000000000004', 'f0a77cbf-2564-41c5-8cb5-dfd473e0ce26'),
  ('1c6dbc05-3691-4a34-a19b-0bed5cef2b69', '7ccbd2de-6fcf-44dd-b9b4-bb86978f0d1d', '20000000-0000-0000-0000-000000000004', '3663087c-0b44-4488-bf45-17fca7fa3cef'),
  ('e68018ed-c186-4eb4-a58d-e7a2f920f54d', '7ccbd2de-6fcf-44dd-b9b4-bb86978f0d1d', '20000000-0000-0000-0000-000000000004', 'cf37c2ef-f55d-4bc0-be0a-10697ad05411'),
  ('e5f4a7c7-af0a-483c-a924-2c6c2e9e96f2', '7ccbd2de-6fcf-44dd-b9b4-bb86978f0d1d', '20000000-0000-0000-0000-000000000004', '058e98a0-8541-41e2-a45b-9af5feba15e5'),
  ('45a9c6a0-dd38-4683-84c8-50f62e4f2d13', '7ccbd2de-6fcf-44dd-b9b4-bb86978f0d1d', '20000000-0000-0000-0000-000000000004', 'db0087cf-2ea8-41a5-a113-9d05d95f584f'),
  ('7a2ffd5f-e435-4740-8926-a16d106425b3', '7ccbd2de-6fcf-44dd-b9b4-bb86978f0d1d', '20000000-0000-0000-0000-000000000004', 'b75b829d-822f-4046-bc59-d39e45ade0a9'),
  ('e2265e91-b091-4eb2-be12-bcbc80d645e0', '7ccbd2de-6fcf-44dd-b9b4-bb86978f0d1d', '20000000-0000-0000-0000-000000000004', '1524ed39-c871-4719-b6ca-69f10b04ea99'),
  ('06446adb-6c02-4355-9508-a5a15c28004c', '7ccbd2de-6fcf-44dd-b9b4-bb86978f0d1d', '20000000-0000-0000-0000-000000000004', '0953d527-a694-42e8-8386-2a19ed8fcc7a'),
  ('7da68a53-cf92-48aa-9745-aeda8e455fab', '15ba212f-81c3-4d7d-ad85-bff116c1d7fa', '20000000-0000-0000-0000-000000000003', 'fc5ef09b-11f6-44dc-ae37-8e4baa4d465d'),
  ('780634c2-892a-48ff-8e73-9c935793636e', '15ba212f-81c3-4d7d-ad85-bff116c1d7fa', '20000000-0000-0000-0000-000000000003', '95206ec5-e924-4b79-a138-b5ebb1a586e1'),
  ('bb8bb232-d867-4a80-bf5c-08523c6d8497', '15ba212f-81c3-4d7d-ad85-bff116c1d7fa', '20000000-0000-0000-0000-000000000004', '07f2dea0-b937-400c-ab03-b3937263e8d5'),
  ('2a8ad9d7-76b0-4511-9764-40ac1670214c', '15ba212f-81c3-4d7d-ad85-bff116c1d7fa', '20000000-0000-0000-0000-000000000004', '6d1f220d-c3e9-4a3c-b21d-37108e56dac1'),
  ('07c77cc6-fad2-43b6-a58a-633d17049656', '15ba212f-81c3-4d7d-ad85-bff116c1d7fa', '20000000-0000-0000-0000-000000000004', 'cd2ba243-e996-4a32-80b9-5e0420dd9113'),
  ('48d9655d-7c7f-4d68-a72e-4ff925d10a4c', '15ba212f-81c3-4d7d-ad85-bff116c1d7fa', '20000000-0000-0000-0000-000000000004', 'f0a77cbf-2564-41c5-8cb5-dfd473e0ce26'),
  ('b92d5eb1-6ae2-407c-9085-168edcc19a0e', '15ba212f-81c3-4d7d-ad85-bff116c1d7fa', '20000000-0000-0000-0000-000000000004', '3663087c-0b44-4488-bf45-17fca7fa3cef'),
  ('f3e6a8c0-3edb-446c-911c-d86f21eb9093', '15ba212f-81c3-4d7d-ad85-bff116c1d7fa', '20000000-0000-0000-0000-000000000004', 'cf37c2ef-f55d-4bc0-be0a-10697ad05411'),
  ('aa2252fd-fc23-4951-a0eb-372af5e46f58', '15ba212f-81c3-4d7d-ad85-bff116c1d7fa', '20000000-0000-0000-0000-000000000004', '058e98a0-8541-41e2-a45b-9af5feba15e5'),
  ('f7cd3de8-f73d-40e1-80d9-0b3b8a054175', '15ba212f-81c3-4d7d-ad85-bff116c1d7fa', '20000000-0000-0000-0000-000000000004', 'db0087cf-2ea8-41a5-a113-9d05d95f584f'),
  ('f84c4614-99cf-4eec-85c4-a83a1169bee9', '15ba212f-81c3-4d7d-ad85-bff116c1d7fa', '20000000-0000-0000-0000-000000000004', 'b75b829d-822f-4046-bc59-d39e45ade0a9'),
  ('13d74dc7-5f4d-40c8-b6cd-bf6c8099bcf6', '15ba212f-81c3-4d7d-ad85-bff116c1d7fa', '20000000-0000-0000-0000-000000000004', '1524ed39-c871-4719-b6ca-69f10b04ea99'),
  ('8fe94399-d8ad-435d-a2cc-fa8caeaabd90', '15ba212f-81c3-4d7d-ad85-bff116c1d7fa', '20000000-0000-0000-0000-000000000004', '0953d527-a694-42e8-8386-2a19ed8fcc7a'),
  ('74a81561-07a7-4f5f-82f4-0f2ce0dfd710', '9d90f96d-d1ea-4397-b578-1463468ae092', '20000000-0000-0000-0000-000000000003', '51119d9f-a492-47a5-8170-d4d919538019'),
  ('a8dff5a3-59ea-4d9b-8925-aafa1dd6e067', '9d90f96d-d1ea-4397-b578-1463468ae092', '20000000-0000-0000-0000-000000000003', 'ce2364f5-ca40-47a4-b47f-5cdf982eb55a'),
  ('aadfc54b-e6ff-418e-9ff8-b09d9adcfcb1', '9d90f96d-d1ea-4397-b578-1463468ae092', '20000000-0000-0000-0000-000000000003', '26aae93f-26e7-43a8-a307-b9136f636c99'),
  ('1431e926-06b4-4339-895a-dbaf4bc9d4b4', '9d90f96d-d1ea-4397-b578-1463468ae092', '20000000-0000-0000-0000-000000000003', '7fc96cad-66c9-4de0-9436-bcbcc4b93404'),
  ('4704febe-38b2-4e91-93c2-ba6cfc95051f', '9d90f96d-d1ea-4397-b578-1463468ae092', '20000000-0000-0000-0000-000000000003', '98cda78b-8d81-4ead-a6c0-cad8e4353f21'),
  ('ba4016ff-7b6d-4fb9-9493-1d12b060ef44', '9d90f96d-d1ea-4397-b578-1463468ae092', '20000000-0000-0000-0000-000000000003', 'b5e9c2f9-6652-4773-9eef-857fedfc2ffe'),
  ('2325d189-4dc7-4042-9814-3430b3471283', '9d90f96d-d1ea-4397-b578-1463468ae092', '20000000-0000-0000-0000-000000000003', '7c3e5333-f29e-4e8c-812d-830fe25e7dac'),
  ('143c0411-f204-4266-878e-158bcab43969', '9d90f96d-d1ea-4397-b578-1463468ae092', '20000000-0000-0000-0000-000000000003', '197a0d5d-6f64-42de-9630-576680e02e51'),
  ('08da03dd-3091-4749-b3c7-ee10d0463012', 'f788cd70-07a1-4400-827f-1a708161172c', '20000000-0000-0000-0000-000000000001', '94cd2a1c-c9ee-4f37-a8ee-3d5d65a49a3b'),
  ('9b17a20b-621a-4ef2-80e6-eaa1c71b47d1', 'f788cd70-07a1-4400-827f-1a708161172c', '20000000-0000-0000-0000-000000000001', 'abeaabfd-df96-400c-afe7-610a2a4efc45'),
  ('bf30b624-84d7-4ea3-b49f-7700c5457894', 'f788cd70-07a1-4400-827f-1a708161172c', '20000000-0000-0000-0000-000000000002', 'acbfa5b0-9e7e-4bd3-8a0d-139885c534b6'),
  ('198097a1-e960-456c-a4ff-f735e10c0e6f', 'f788cd70-07a1-4400-827f-1a708161172c', '20000000-0000-0000-0000-000000000002', 'ac49e813-1267-4432-b7a6-13b43ec73629'),
  ('a0d4268c-73aa-4b39-bb53-c9c6a947a34e', '9f29bb8e-55ec-4c58-b107-1c1a45304fc4', '20000000-0000-0000-0000-000000000001', '43975c07-2b72-4e48-a610-1810aae3d9ec'),
  ('9cb3c81a-cda6-4950-812c-eb22e9f3cfce', '9f29bb8e-55ec-4c58-b107-1c1a45304fc4', '20000000-0000-0000-0000-000000000001', '52240695-fcae-49e8-8ab2-3a75f68ea82f'),
  ('a1129053-9840-401f-874a-b51d4c1605ff', '9f29bb8e-55ec-4c58-b107-1c1a45304fc4', '20000000-0000-0000-0000-000000000001', 'e94ea482-5460-4996-a7ea-a21836386548'),
  ('8f18e5dc-cc9c-4827-8ac3-453fc36ad590', '9f29bb8e-55ec-4c58-b107-1c1a45304fc4', '20000000-0000-0000-0000-000000000003', 'ef72e16c-4bc3-41cf-a13f-fec2495ad89e'),
  ('f961b653-7bb3-4006-938a-b317a6f059b8', '9f29bb8e-55ec-4c58-b107-1c1a45304fc4', '20000000-0000-0000-0000-000000000003', '0db7d35e-afd9-4e30-9480-eca0a0a88da5'),
  ('8dcb1d0d-95fb-42e3-92ca-4ea0ca8ade03', '9f29bb8e-55ec-4c58-b107-1c1a45304fc4', '20000000-0000-0000-0000-000000000003', '1723a4be-a7d9-4ba4-863b-57e729ac4297'),
  ('56d3eb03-02f7-408f-8a9d-55837e92602d', '9f29bb8e-55ec-4c58-b107-1c1a45304fc4', '20000000-0000-0000-0000-000000000004', '64d5852f-1832-4be8-9203-8f7b436d26b6'),
  ('f715de6e-973c-42c7-b9ec-240c5176af77', '9f29bb8e-55ec-4c58-b107-1c1a45304fc4', '20000000-0000-0000-0000-000000000004', 'b376e27e-4e09-4044-b0ec-04758609b6dc'),
  ('6f43ad8f-cb00-4bfd-9a98-a6d26c23390c', '9f29bb8e-55ec-4c58-b107-1c1a45304fc4', '20000000-0000-0000-0000-000000000004', '25ff8377-4e3d-4834-8430-212d43ce0074'),
  ('02c55647-1db1-4971-a347-26ca670cf654', 'f68bdbc2-51c9-4446-b1bf-ffccc567371c', '20000000-0000-0000-0000-000000000001', '677ccd5a-b92a-49f0-b73f-530e66437c4c'),
  ('3b326c05-b580-4c42-9bf3-f2c8519a7a63', 'f68bdbc2-51c9-4446-b1bf-ffccc567371c', '20000000-0000-0000-0000-000000000001', 'bc573c86-cb6a-47d0-928e-257d75a583f5'),
  ('eaac005b-3e79-445c-9396-8d85e39fa0b2', 'f68bdbc2-51c9-4446-b1bf-ffccc567371c', '20000000-0000-0000-0000-000000000002', 'f76a05f5-3587-4db2-a0da-2e77a4389cc7'),
  ('862fda4f-526d-4002-8410-164a7ccdeec1', 'f68bdbc2-51c9-4446-b1bf-ffccc567371c', '20000000-0000-0000-0000-000000000002', '1503bd2e-fc1e-4037-9f18-f3a702a11b81'),
  ('e6fdeac8-c7a8-47cb-835e-6e35d14f9845', 'f68bdbc2-51c9-4446-b1bf-ffccc567371c', '20000000-0000-0000-0000-000000000002', '9bb55cc3-3bb5-4d44-bd2b-718ca34e06bf'),
  ('ecaa2717-3cc3-424f-b1c5-b9a94eb036c2', 'f68bdbc2-51c9-4446-b1bf-ffccc567371c', '20000000-0000-0000-0000-000000000002', 'f6fd3b5b-e1a0-4702-9c19-df4ecd4528e1'),
  ('3f118ff5-3bba-4af7-a991-0fcfc936080c', 'f68bdbc2-51c9-4446-b1bf-ffccc567371c', '20000000-0000-0000-0000-000000000002', '4a83a382-7275-4276-bdd5-61f1a9fef44e'),
  ('e3bced97-b52b-4d77-b1e2-135f96dea646', 'f68bdbc2-51c9-4446-b1bf-ffccc567371c', '20000000-0000-0000-0000-000000000002', '55a207f5-f60e-469c-a39c-2864926e2aa6'),
  ('599f91fb-e80d-4e78-8d71-62a99b0824f5', 'f68bdbc2-51c9-4446-b1bf-ffccc567371c', '20000000-0000-0000-0000-000000000002', '27260f0c-c406-46e8-9b9f-6916dbb1c08a'),
  ('e4a2789d-b0d3-4228-b76f-942dec98cc97', 'f68bdbc2-51c9-4446-b1bf-ffccc567371c', '20000000-0000-0000-0000-000000000002', 'd58ae40f-44cb-43b2-99b6-fcaf0381a3b3'),
  ('4950ad33-2d8d-439f-ac30-7d3300b81ff1', 'f68bdbc2-51c9-4446-b1bf-ffccc567371c', '20000000-0000-0000-0000-000000000002', 'ac49e813-1267-4432-b7a6-13b43ec73629'),
  ('a35bf3d2-bc7a-4c88-bc1d-a4769080d445', 'f68bdbc2-51c9-4446-b1bf-ffccc567371c', '20000000-0000-0000-0000-000000000002', 'e1ec32a0-d22f-4942-afc1-0829a97317d5'),
  ('5941b0aa-8b26-4715-8385-2b55db7bdc72', 'f68bdbc2-51c9-4446-b1bf-ffccc567371c', '20000000-0000-0000-0000-000000000002', '9d9f3b9f-68d7-420d-acc3-2ad5663e7bcc'),
  ('640c601e-1b47-4211-b175-bba620717c47', 'f68bdbc2-51c9-4446-b1bf-ffccc567371c', '20000000-0000-0000-0000-000000000002', '73194755-7527-4f58-bf89-0cc427e90330'),
  ('10466aca-c415-42b6-8d4a-5d4277c53e25', 'f68bdbc2-51c9-4446-b1bf-ffccc567371c', '20000000-0000-0000-0000-000000000002', '40608c08-3b02-48f5-8c52-23ad0a63a787'),
  ('0e8d41ab-9cad-448d-b899-ba24bf15a17b', 'f68bdbc2-51c9-4446-b1bf-ffccc567371c', '20000000-0000-0000-0000-000000000003', '27f3f81c-d9c8-4b06-ba1d-55e69054e36a'),
  ('6fd21627-c3eb-4e0b-b99c-76dc6f76f6ff', 'f68bdbc2-51c9-4446-b1bf-ffccc567371c', '20000000-0000-0000-0000-000000000003', 'ae69e9e8-da80-4427-aa71-a1cb870d3412'),
  ('910cc9fa-e04b-48d5-9197-2a7e38b7d68e', 'f68bdbc2-51c9-4446-b1bf-ffccc567371c', '20000000-0000-0000-0000-000000000004', 'e122973a-f962-4aa3-86b8-5d31026fa912'),
  ('1cdccc41-8ac4-45be-a27b-56ea2b37decd', 'f68bdbc2-51c9-4446-b1bf-ffccc567371c', '20000000-0000-0000-0000-000000000004', 'f8cf19b6-5859-4598-b170-5734a810e5f6'),
  ('0d30d4f8-1fc7-4c16-95eb-d7e8cd00ff9f', '8d55cdf0-566b-42d9-a663-3afad482b63e', '20000000-0000-0000-0000-000000000002', '494110db-d34a-452c-98ca-3b3287866f03'),
  ('2c89f2b7-8e53-4e60-8449-8742cd609a3f', '8d55cdf0-566b-42d9-a663-3afad482b63e', '20000000-0000-0000-0000-000000000002', 'ec9777af-3094-458a-99ae-fc890c577088'),
  ('825d5705-fb16-4aad-9962-914d623cb525', '8d55cdf0-566b-42d9-a663-3afad482b63e', '20000000-0000-0000-0000-000000000002', 'dfa47b22-b9da-4edb-8f8c-c3bc0ef1f6a0'),
  ('619a354a-829d-4328-9b37-07215edb35b4', '8d55cdf0-566b-42d9-a663-3afad482b63e', '20000000-0000-0000-0000-000000000002', '6324bc43-1334-4eb3-b8b6-3199cd2aabe6'),
  ('a4ced708-e4d4-4647-bc71-5d82bf73c808', 'ea20b9a5-48e4-454a-80d5-a15146f23ae4', '20000000-0000-0000-0000-000000000002', '65bf90cb-a6d8-4aab-bc92-cbfd63c18de0'),
  ('9f74919a-d8c4-464e-bfe9-c721c723411e', 'ea20b9a5-48e4-454a-80d5-a15146f23ae4', '20000000-0000-0000-0000-000000000002', '5e6c477c-1398-4751-a8a7-5fe8472603d1'),
  ('45b3f2f4-cd20-4afb-a622-32e9e331dddb', 'ea20b9a5-48e4-454a-80d5-a15146f23ae4', '20000000-0000-0000-0000-000000000002', '92581a6c-ab5b-4b35-9de1-ab1fb308d145'),
  ('e007905c-7f8f-4b87-aabd-50a24187407f', 'ea20b9a5-48e4-454a-80d5-a15146f23ae4', '20000000-0000-0000-0000-000000000002', '39132de1-7a53-4009-a333-5b4eaebac53a'),
  ('3408973d-d101-4f51-b317-f255dc60e1fe', '5766fe31-239d-4892-ab1b-c7bb6e51ad24', '20000000-0000-0000-0000-000000000003', '0cd215a6-2271-4f41-812a-efdd162d2e47'),
  ('136898e2-ce97-40b0-ab9a-df99678aab56', '5766fe31-239d-4892-ab1b-c7bb6e51ad24', '20000000-0000-0000-0000-000000000003', 'cee4211f-5e8f-4b72-98cd-e910dffe23cb'),
  ('937519c7-1033-46f5-9943-eba69e18cbcc', '5766fe31-239d-4892-ab1b-c7bb6e51ad24', '20000000-0000-0000-0000-000000000003', '257838d6-432f-4a3e-b9a4-84527724b578'),
  ('c8bec80b-0052-4785-9b87-05790393c98c', '5766fe31-239d-4892-ab1b-c7bb6e51ad24', '20000000-0000-0000-0000-000000000003', 'feb78a21-3200-4557-ae45-f887a01e388d'),
  ('9f845ebd-eef0-43c8-a993-f3cd0c69e051', '5766fe31-239d-4892-ab1b-c7bb6e51ad24', '20000000-0000-0000-0000-000000000003', 'a458b6d3-ca48-4d50-8190-d2a932ed3ddd'),
  ('111adfb2-f80c-48f3-9f9b-396ba90fd9f5', '5766fe31-239d-4892-ab1b-c7bb6e51ad24', '20000000-0000-0000-0000-000000000003', 'f7650b1b-db5f-49d7-8e48-6d02b0671d84'),
  ('d3197c4a-aee8-4f6c-8ad2-fc3253d3a445', '9bf54f3c-13d7-4acf-a801-7f575f8de2c0', '20000000-0000-0000-0000-000000000002', 'f76a05f5-3587-4db2-a0da-2e77a4389cc7'),
  ('f590aad3-1f4a-4567-8a66-68b33cac8238', '9bf54f3c-13d7-4acf-a801-7f575f8de2c0', '20000000-0000-0000-0000-000000000002', '1503bd2e-fc1e-4037-9f18-f3a702a11b81'),
  ('594ba5d5-c9cc-48fa-b1eb-cb6895950ecc', '9bf54f3c-13d7-4acf-a801-7f575f8de2c0', '20000000-0000-0000-0000-000000000002', '9bb55cc3-3bb5-4d44-bd2b-718ca34e06bf'),
  ('f765c03a-0be5-44c5-afb7-316f03ca51c3', '9bf54f3c-13d7-4acf-a801-7f575f8de2c0', '20000000-0000-0000-0000-000000000002', 'f6fd3b5b-e1a0-4702-9c19-df4ecd4528e1'),
  ('61476249-c620-42f6-9d81-92ba51c4f469', '9bf54f3c-13d7-4acf-a801-7f575f8de2c0', '20000000-0000-0000-0000-000000000002', '4a83a382-7275-4276-bdd5-61f1a9fef44e'),
  ('f92af259-8118-49a3-bd5c-d5e42cf385b9', '9bf54f3c-13d7-4acf-a801-7f575f8de2c0', '20000000-0000-0000-0000-000000000002', '55a207f5-f60e-469c-a39c-2864926e2aa6'),
  ('c9cc2627-5b27-43b6-8754-107ec67a8da0', '9bf54f3c-13d7-4acf-a801-7f575f8de2c0', '20000000-0000-0000-0000-000000000002', '27260f0c-c406-46e8-9b9f-6916dbb1c08a'),
  ('942fdcb7-1f17-427d-b35a-8809aebb89ad', '9bf54f3c-13d7-4acf-a801-7f575f8de2c0', '20000000-0000-0000-0000-000000000002', 'd58ae40f-44cb-43b2-99b6-fcaf0381a3b3'),
  ('5a91c40d-6638-4e9d-8382-2dbf4ee2c967', '9bf54f3c-13d7-4acf-a801-7f575f8de2c0', '20000000-0000-0000-0000-000000000002', 'ac49e813-1267-4432-b7a6-13b43ec73629'),
  ('1831d23a-9884-45fc-8deb-c95167809c22', '9bf54f3c-13d7-4acf-a801-7f575f8de2c0', '20000000-0000-0000-0000-000000000002', 'e1ec32a0-d22f-4942-afc1-0829a97317d5'),
  ('31c89a64-e1f0-4569-befe-28c5848a40e6', '9bf54f3c-13d7-4acf-a801-7f575f8de2c0', '20000000-0000-0000-0000-000000000002', '9d9f3b9f-68d7-420d-acc3-2ad5663e7bcc'),
  ('1ff4d1c5-1849-4145-b3f0-2fa3f24ecba3', '9bf54f3c-13d7-4acf-a801-7f575f8de2c0', '20000000-0000-0000-0000-000000000002', '73194755-7527-4f58-bf89-0cc427e90330'),
  ('0e75d775-b982-42ec-8d94-f60d963d4945', '9bf54f3c-13d7-4acf-a801-7f575f8de2c0', '20000000-0000-0000-0000-000000000002', '40608c08-3b02-48f5-8c52-23ad0a63a787'),
  ('147d0212-aa59-49e3-9164-cb56d93eb160', '2b046f5a-dd9b-4a11-8ded-fcbf19ebd514', '20000000-0000-0000-0000-000000000001', '4d2e892b-5c1c-45ae-87c6-4bcdfdc203d5'),
  ('8d74ef22-d73e-4694-840c-829e647cba1a', '2b046f5a-dd9b-4a11-8ded-fcbf19ebd514', '20000000-0000-0000-0000-000000000001', '34a9c480-322d-4021-bd6c-e5009d8a0c0e'),
  ('0727e1cf-ff62-4f99-b96c-f50234d4c2cc', '2b046f5a-dd9b-4a11-8ded-fcbf19ebd514', '20000000-0000-0000-0000-000000000001', '66c7e95b-fbed-4ac9-bf03-19bb45cc2a0e'),
  ('f8d1b1a2-2d1b-4d83-90ba-efb8ac3a00c2', '2b046f5a-dd9b-4a11-8ded-fcbf19ebd514', '20000000-0000-0000-0000-000000000001', '0d784966-417d-45ae-986b-b92aaf3020b3'),
  ('9fd713df-f4d0-4eaf-bedf-74e30dacabcb', 'b3bc0797-94e2-4e91-a032-7747a653b892', '20000000-0000-0000-0000-000000000001', '4d2e892b-5c1c-45ae-87c6-4bcdfdc203d5'),
  ('eeae1d0a-1aaa-46e7-86c1-3b23b32cf424', 'b3bc0797-94e2-4e91-a032-7747a653b892', '20000000-0000-0000-0000-000000000001', '34a9c480-322d-4021-bd6c-e5009d8a0c0e'),
  ('09195341-33ae-42a1-8899-7b809cfa7287', 'b3bc0797-94e2-4e91-a032-7747a653b892', '20000000-0000-0000-0000-000000000001', '66c7e95b-fbed-4ac9-bf03-19bb45cc2a0e'),
  ('94f6ce11-5be7-4024-9eb8-94d326a6da3d', '98edf166-4d03-4725-b615-75582abf13d5', '20000000-0000-0000-0000-000000000002', '2457e0eb-9315-4135-9acc-ea1b0ed6b53b'),
  ('41b3f7e6-7397-48a7-8ee8-4c0c064fb326', '98edf166-4d03-4725-b615-75582abf13d5', '20000000-0000-0000-0000-000000000002', '10ed667f-8b95-4ba2-9a0c-c8cda8e70277')
ON CONFLICT (product_id, entry_id) DO NOTHING;

-- Summary: 38 products, 147 variation entries, 253 links